Id,Category
img_00000.jpg,19
img_00001.jpg,59
img_00002.jpg,19
img_00003.jpg,27
img_00004.jpg,27
img_00005.jpg,55
img_00006.jpg,59
img_00007.jpg,19
img_00008.jpg,19
img_00009.jpg,59
img_00010.jpg,19
img_00011.jpg,19
img_00012.jpg,55
img_00013.jpg,19
img_00014.jpg,19
img_00015.jpg,11
img_00016.jpg,59
img_00017.jpg,59
img_00018.jpg,59
img_00019.jpg,19
img_00020.jpg,19
img_00021.jpg,59
img_00022.jpg,59
img_00023.jpg,19
img_00024.jpg,97
img_00025.jpg,19
img_00026.jpg,59
img_00027.jpg,29
img_00028.jpg,19
img_00029.jpg,59
img_00030.jpg,55
img_00031.jpg,27
img_00032.jpg,59
img_00033.jpg,59
img_00034.jpg,59
img_00035.jpg,59
img_00036.jpg,19
img_00037.jpg,59
img_00038.jpg,59
img_00039.jpg,27
img_00040.jpg,59
img_00041.jpg,26
img_00042.jpg,19
img_00043.jpg,27
img_00044.jpg,29
img_00045.jpg,98
img_00046.jpg,55
img_00047.jpg,38
img_00048.jpg,27
img_00049.jpg,55
img_00050.jpg,27
img_00051.jpg,59
img_00052.jpg,19
img_00053.jpg,59
img_00054.jpg,98
img_00055.jpg,59
img_00056.jpg,97
img_00057.jpg,55
img_00058.jpg,19
img_00059.jpg,19
img_00060.jpg,55
img_00061.jpg,38
img_00062.jpg,29
img_00063.jpg,55
img_00064.jpg,19
img_00065.jpg,38
img_00066.jpg,59
img_00067.jpg,55
img_00068.jpg,27
img_00069.jpg,19
img_00070.jpg,59
img_00071.jpg,59
img_00072.jpg,19
img_00073.jpg,97
img_00074.jpg,97
img_00075.jpg,27
img_00076.jpg,98
img_00077.jpg,19
img_00078.jpg,19
img_00079.jpg,27
img_00080.jpg,59
img_00081.jpg,27
img_00082.jpg,97
img_00083.jpg,19
img_00084.jpg,59
img_00085.jpg,19
img_00086.jpg,59
img_00087.jpg,55
img_00088.jpg,59
img_00089.jpg,59
img_00090.jpg,97
img_00091.jpg,98
img_00092.jpg,59
img_00093.jpg,26
img_00094.jpg,59
img_00095.jpg,59
img_00096.jpg,59
img_00097.jpg,59
img_00098.jpg,26
img_00099.jpg,55
img_00100.jpg,27
img_00101.jpg,59
img_00102.jpg,59
img_00103.jpg,59
img_00104.jpg,27
img_00105.jpg,97
img_00106.jpg,59
img_00107.jpg,59
img_00108.jpg,55
img_00109.jpg,11
img_00110.jpg,19
img_00111.jpg,19
img_00112.jpg,59
img_00113.jpg,55
img_00114.jpg,19
img_00115.jpg,55
img_00116.jpg,26
img_00117.jpg,19
img_00118.jpg,55
img_00119.jpg,26
img_00120.jpg,19
img_00121.jpg,19
img_00122.jpg,59
img_00123.jpg,55
img_00124.jpg,59
img_00125.jpg,19
img_00126.jpg,19
img_00127.jpg,19
img_00128.jpg,19
img_00129.jpg,59
img_00130.jpg,19
img_00131.jpg,19
img_00132.jpg,19
img_00133.jpg,19
img_00134.jpg,59
img_00135.jpg,19
img_00136.jpg,19
img_00137.jpg,19
img_00138.jpg,19
img_00139.jpg,19
img_00140.jpg,19
img_00141.jpg,59
img_00142.jpg,55
img_00143.jpg,55
img_00144.jpg,97
img_00145.jpg,59
img_00146.jpg,59
img_00147.jpg,19
img_00148.jpg,19
img_00149.jpg,19
img_00150.jpg,55
img_00151.jpg,59
img_00152.jpg,59
img_00153.jpg,55
img_00154.jpg,55
img_00155.jpg,19
img_00156.jpg,27
img_00157.jpg,55
img_00158.jpg,59
img_00159.jpg,98
img_00160.jpg,26
img_00161.jpg,55
img_00162.jpg,26
img_00163.jpg,59
img_00164.jpg,19
img_00165.jpg,38
img_00166.jpg,59
img_00167.jpg,97
img_00168.jpg,27
img_00169.jpg,19
img_00170.jpg,26
img_00171.jpg,55
img_00172.jpg,19
img_00173.jpg,38
img_00174.jpg,19
img_00175.jpg,59
img_00176.jpg,19
img_00177.jpg,27
img_00178.jpg,59
img_00179.jpg,59
img_00180.jpg,59
img_00181.jpg,97
img_00182.jpg,19
img_00183.jpg,27
img_00184.jpg,59
img_00185.jpg,55
img_00186.jpg,19
img_00187.jpg,19
img_00188.jpg,27
img_00189.jpg,55
img_00190.jpg,19
img_00191.jpg,19
img_00192.jpg,19
img_00193.jpg,59
img_00194.jpg,27
img_00195.jpg,19
img_00196.jpg,19
img_00197.jpg,19
img_00198.jpg,19
img_00199.jpg,55
img_00200.jpg,27
img_00201.jpg,19
img_00202.jpg,27
img_00203.jpg,19
img_00204.jpg,19
img_00205.jpg,19
img_00206.jpg,27
img_00207.jpg,19
img_00208.jpg,97
img_00209.jpg,97
img_00210.jpg,19
img_00211.jpg,19
img_00212.jpg,97
img_00213.jpg,27
img_00214.jpg,59
img_00215.jpg,59
img_00216.jpg,59
img_00217.jpg,59
img_00218.jpg,38
img_00219.jpg,55
img_00220.jpg,38
img_00221.jpg,27
img_00222.jpg,27
img_00223.jpg,19
img_00224.jpg,27
img_00225.jpg,59
img_00226.jpg,59
img_00227.jpg,55
img_00228.jpg,19
img_00229.jpg,59
img_00230.jpg,27
img_00231.jpg,59
img_00232.jpg,55
img_00233.jpg,38
img_00234.jpg,29
img_00235.jpg,19
img_00236.jpg,97
img_00237.jpg,19
img_00238.jpg,55
img_00239.jpg,59
img_00240.jpg,59
img_00241.jpg,19
img_00242.jpg,19
img_00243.jpg,19
img_00244.jpg,98
img_00245.jpg,98
img_00246.jpg,19
img_00247.jpg,98
img_00248.jpg,19
img_00249.jpg,29
img_00250.jpg,55
img_00251.jpg,19
img_00252.jpg,55
img_00253.jpg,55
img_00254.jpg,19
img_00255.jpg,19
img_00256.jpg,19
img_00257.jpg,19
img_00258.jpg,27
img_00259.jpg,19
img_00260.jpg,27
img_00261.jpg,19
img_00262.jpg,19
img_00263.jpg,27
img_00264.jpg,19
img_00265.jpg,19
img_00266.jpg,59
img_00267.jpg,19
img_00268.jpg,19
img_00269.jpg,97
img_00270.jpg,59
img_00271.jpg,59
img_00272.jpg,19
img_00273.jpg,19
img_00274.jpg,98
img_00275.jpg,19
img_00276.jpg,59
img_00277.jpg,55
img_00278.jpg,19
img_00279.jpg,19
img_00280.jpg,38
img_00281.jpg,97
img_00282.jpg,19
img_00283.jpg,55
img_00284.jpg,55
img_00285.jpg,19
img_00286.jpg,55
img_00287.jpg,19
img_00288.jpg,19
img_00289.jpg,19
img_00290.jpg,19
img_00291.jpg,55
img_00292.jpg,59
img_00293.jpg,26
img_00294.jpg,19
img_00295.jpg,97
img_00296.jpg,19
img_00297.jpg,59
img_00298.jpg,59
img_00299.jpg,19
img_00300.jpg,27
img_00301.jpg,19
img_00302.jpg,19
img_00303.jpg,19
img_00304.jpg,19
img_00305.jpg,19
img_00306.jpg,19
img_00307.jpg,19
img_00308.jpg,55
img_00309.jpg,29
img_00310.jpg,19
img_00311.jpg,19
img_00312.jpg,19
img_00313.jpg,19
img_00314.jpg,55
img_00315.jpg,27
img_00316.jpg,19
img_00317.jpg,19
img_00318.jpg,19
img_00319.jpg,19
img_00320.jpg,55
img_00321.jpg,19
img_00322.jpg,19
img_00323.jpg,19
img_00324.jpg,59
img_00325.jpg,19
img_00326.jpg,55
img_00327.jpg,27
img_00328.jpg,59
img_00329.jpg,55
img_00330.jpg,19
img_00331.jpg,19
img_00332.jpg,97
img_00333.jpg,19
img_00334.jpg,19
img_00335.jpg,19
img_00336.jpg,19
img_00337.jpg,97
img_00338.jpg,97
img_00339.jpg,97
img_00340.jpg,19
img_00341.jpg,97
img_00342.jpg,55
img_00343.jpg,97
img_00344.jpg,19
img_00345.jpg,19
img_00346.jpg,97
img_00347.jpg,19
img_00348.jpg,19
img_00349.jpg,19
img_00350.jpg,19
img_00351.jpg,11
img_00352.jpg,55
img_00353.jpg,19
img_00354.jpg,19
img_00355.jpg,19
img_00356.jpg,19
img_00357.jpg,19
img_00358.jpg,59
img_00359.jpg,19
img_00360.jpg,19
img_00361.jpg,27
img_00362.jpg,19
img_00363.jpg,97
img_00364.jpg,19
img_00365.jpg,27
img_00366.jpg,19
img_00367.jpg,97
img_00368.jpg,19
img_00369.jpg,59
img_00370.jpg,19
img_00371.jpg,59
img_00372.jpg,97
img_00373.jpg,55
img_00374.jpg,59
img_00375.jpg,55
img_00376.jpg,55
img_00377.jpg,59
img_00378.jpg,55
img_00379.jpg,55
img_00380.jpg,55
img_00381.jpg,97
img_00382.jpg,55
img_00383.jpg,59
img_00384.jpg,27
img_00385.jpg,59
img_00386.jpg,26
img_00387.jpg,55
img_00388.jpg,59
img_00389.jpg,59
img_00390.jpg,59
img_00391.jpg,55
img_00392.jpg,55
img_00393.jpg,19
img_00394.jpg,59
img_00395.jpg,97
img_00396.jpg,59
img_00397.jpg,59
img_00398.jpg,59
img_00399.jpg,27
img_00400.jpg,59
img_00401.jpg,55
img_00402.jpg,55
img_00403.jpg,59
img_00404.jpg,59
img_00405.jpg,19
img_00406.jpg,19
img_00407.jpg,19
img_00408.jpg,59
img_00409.jpg,19
img_00410.jpg,59
img_00411.jpg,97
img_00412.jpg,55
img_00413.jpg,19
img_00414.jpg,55
img_00415.jpg,59
img_00416.jpg,27
img_00417.jpg,19
img_00418.jpg,59
img_00419.jpg,26
img_00420.jpg,59
img_00421.jpg,97
img_00422.jpg,19
img_00423.jpg,19
img_00424.jpg,27
img_00425.jpg,38
img_00426.jpg,19
img_00427.jpg,19
img_00428.jpg,59
img_00429.jpg,19
img_00430.jpg,19
img_00431.jpg,19
img_00432.jpg,19
img_00433.jpg,97
img_00434.jpg,59
img_00435.jpg,19
img_00436.jpg,19
img_00437.jpg,19
img_00438.jpg,19
img_00439.jpg,97
img_00440.jpg,19
img_00441.jpg,19
img_00442.jpg,19
img_00443.jpg,59
img_00444.jpg,27
img_00445.jpg,19
img_00446.jpg,97
img_00447.jpg,19
img_00448.jpg,97
img_00449.jpg,55
img_00450.jpg,55
img_00451.jpg,98
img_00452.jpg,19
img_00453.jpg,55
img_00454.jpg,19
img_00455.jpg,59
img_00456.jpg,19
img_00457.jpg,59
img_00458.jpg,19
img_00459.jpg,19
img_00460.jpg,55
img_00461.jpg,59
img_00462.jpg,29
img_00463.jpg,19
img_00464.jpg,19
img_00465.jpg,97
img_00466.jpg,27
img_00467.jpg,19
img_00468.jpg,19
img_00469.jpg,19
img_00470.jpg,19
img_00471.jpg,97
img_00472.jpg,19
img_00473.jpg,19
img_00474.jpg,38
img_00475.jpg,59
img_00476.jpg,55
img_00477.jpg,29
img_00478.jpg,59
img_00479.jpg,55
img_00480.jpg,59
img_00481.jpg,19
img_00482.jpg,29
img_00483.jpg,38
img_00484.jpg,59
img_00485.jpg,59
img_00486.jpg,97
img_00487.jpg,59
img_00488.jpg,97
img_00489.jpg,19
img_00490.jpg,59
img_00491.jpg,59
img_00492.jpg,19
img_00493.jpg,27
img_00494.jpg,59
img_00495.jpg,55
img_00496.jpg,19
img_00497.jpg,59
img_00498.jpg,59
img_00499.jpg,27
img_00500.jpg,59
img_00501.jpg,59
img_00502.jpg,59
img_00503.jpg,27
img_00504.jpg,59
img_00505.jpg,19
img_00506.jpg,55
img_00507.jpg,19
img_00508.jpg,19
img_00509.jpg,55
img_00510.jpg,19
img_00511.jpg,19
img_00512.jpg,27
img_00513.jpg,19
img_00514.jpg,19
img_00515.jpg,55
img_00516.jpg,59
img_00517.jpg,27
img_00518.jpg,19
img_00519.jpg,19
img_00520.jpg,29
img_00521.jpg,55
img_00522.jpg,19
img_00523.jpg,19
img_00524.jpg,19
img_00525.jpg,27
img_00526.jpg,55
img_00527.jpg,19
img_00528.jpg,19
img_00529.jpg,97
img_00530.jpg,19
img_00531.jpg,19
img_00532.jpg,27
img_00533.jpg,19
img_00534.jpg,55
img_00535.jpg,19
img_00536.jpg,59
img_00537.jpg,29
img_00538.jpg,27
img_00539.jpg,59
img_00540.jpg,55
img_00541.jpg,55
img_00542.jpg,55
img_00543.jpg,55
img_00544.jpg,19
img_00545.jpg,55
img_00546.jpg,55
img_00547.jpg,19
img_00548.jpg,55
img_00549.jpg,59
img_00550.jpg,38
img_00551.jpg,19
img_00552.jpg,59
img_00553.jpg,55
img_00554.jpg,59
img_00555.jpg,19
img_00556.jpg,11
img_00557.jpg,59
img_00558.jpg,19
img_00559.jpg,19
img_00560.jpg,11
img_00561.jpg,19
img_00562.jpg,38
img_00563.jpg,59
img_00564.jpg,59
img_00565.jpg,19
img_00566.jpg,59
img_00567.jpg,38
img_00568.jpg,59
img_00569.jpg,59
img_00570.jpg,19
img_00571.jpg,59
img_00572.jpg,26
img_00573.jpg,55
img_00574.jpg,59
img_00575.jpg,59
img_00576.jpg,55
img_00577.jpg,59
img_00578.jpg,59
img_00579.jpg,55
img_00580.jpg,38
img_00581.jpg,59
img_00582.jpg,59
img_00583.jpg,27
img_00584.jpg,59
img_00585.jpg,59
img_00586.jpg,19
img_00587.jpg,19
img_00588.jpg,19
img_00589.jpg,19
img_00590.jpg,19
img_00591.jpg,19
img_00592.jpg,19
img_00593.jpg,19
img_00594.jpg,19
img_00595.jpg,55
img_00596.jpg,27
img_00597.jpg,19
img_00598.jpg,19
img_00599.jpg,19
img_00600.jpg,19
img_00601.jpg,19
img_00602.jpg,19
img_00603.jpg,19
img_00604.jpg,19
img_00605.jpg,59
img_00606.jpg,19
img_00607.jpg,19
img_00608.jpg,19
img_00609.jpg,98
img_00610.jpg,19
img_00611.jpg,19
img_00612.jpg,11
img_00613.jpg,19
img_00614.jpg,27
img_00615.jpg,19
img_00616.jpg,19
img_00617.jpg,19
img_00618.jpg,19
img_00619.jpg,19
img_00620.jpg,19
img_00621.jpg,26
img_00622.jpg,38
img_00623.jpg,19
img_00624.jpg,59
img_00625.jpg,19
img_00626.jpg,19
img_00627.jpg,19
img_00628.jpg,97
img_00629.jpg,55
img_00630.jpg,19
img_00631.jpg,55
img_00632.jpg,55
img_00633.jpg,27
img_00634.jpg,19
img_00635.jpg,19
img_00636.jpg,55
img_00637.jpg,59
img_00638.jpg,19
img_00639.jpg,19
img_00640.jpg,55
img_00641.jpg,19
img_00642.jpg,55
img_00643.jpg,59
img_00644.jpg,19
img_00645.jpg,19
img_00646.jpg,59
img_00647.jpg,27
img_00648.jpg,19
img_00649.jpg,19
img_00650.jpg,11
img_00651.jpg,19
img_00652.jpg,27
img_00653.jpg,27
img_00654.jpg,19
img_00655.jpg,19
img_00656.jpg,59
img_00657.jpg,19
img_00658.jpg,97
img_00659.jpg,19
img_00660.jpg,97
img_00661.jpg,19
img_00662.jpg,27
img_00663.jpg,27
img_00664.jpg,27
img_00665.jpg,27
img_00666.jpg,27
img_00667.jpg,27
img_00668.jpg,19
img_00669.jpg,27
img_00670.jpg,27
img_00671.jpg,27
img_00672.jpg,27
img_00673.jpg,27
img_00674.jpg,19
img_00675.jpg,27
img_00676.jpg,27
img_00677.jpg,27
img_00678.jpg,27
img_00679.jpg,27
img_00680.jpg,27
img_00681.jpg,27
img_00682.jpg,59
img_00683.jpg,55
img_00684.jpg,59
img_00685.jpg,59
img_00686.jpg,55
img_00687.jpg,59
img_00688.jpg,19
img_00689.jpg,27
img_00690.jpg,55
img_00691.jpg,11
img_00692.jpg,38
img_00693.jpg,19
img_00694.jpg,59
img_00695.jpg,38
img_00696.jpg,55
img_00697.jpg,55
img_00698.jpg,59
img_00699.jpg,27
img_00700.jpg,59
img_00701.jpg,27
img_00702.jpg,97
img_00703.jpg,19
img_00704.jpg,19
img_00705.jpg,19
img_00706.jpg,19
img_00707.jpg,27
img_00708.jpg,19
img_00709.jpg,19
img_00710.jpg,19
img_00711.jpg,19
img_00712.jpg,19
img_00713.jpg,19
img_00714.jpg,19
img_00715.jpg,19
img_00716.jpg,19
img_00717.jpg,55
img_00718.jpg,55
img_00719.jpg,19
img_00720.jpg,19
img_00721.jpg,19
img_00722.jpg,19
img_00723.jpg,19
img_00724.jpg,55
img_00725.jpg,19
img_00726.jpg,19
img_00727.jpg,55
img_00728.jpg,19
img_00729.jpg,19
img_00730.jpg,19
img_00731.jpg,19
img_00732.jpg,19
img_00733.jpg,59
img_00734.jpg,19
img_00735.jpg,19
img_00736.jpg,55
img_00737.jpg,97
img_00738.jpg,59
img_00739.jpg,59
img_00740.jpg,59
img_00741.jpg,26
img_00742.jpg,59
img_00743.jpg,97
img_00744.jpg,26
img_00745.jpg,26
img_00746.jpg,59
img_00747.jpg,97
img_00748.jpg,27
img_00749.jpg,55
img_00750.jpg,59
img_00751.jpg,59
img_00752.jpg,19
img_00753.jpg,55
img_00754.jpg,59
img_00755.jpg,26
img_00756.jpg,59
img_00757.jpg,27
img_00758.jpg,19
img_00759.jpg,19
img_00760.jpg,19
img_00761.jpg,59
img_00762.jpg,55
img_00763.jpg,55
img_00764.jpg,55
img_00765.jpg,59
img_00766.jpg,97
img_00767.jpg,19
img_00768.jpg,97
img_00769.jpg,19
img_00770.jpg,59
img_00771.jpg,19
img_00772.jpg,55
img_00773.jpg,19
img_00774.jpg,55
img_00775.jpg,59
img_00776.jpg,19
img_00777.jpg,19
img_00778.jpg,55
img_00779.jpg,59
img_00780.jpg,55
img_00781.jpg,19
img_00782.jpg,26
img_00783.jpg,55
img_00784.jpg,26
img_00785.jpg,27
img_00786.jpg,55
img_00787.jpg,59
img_00788.jpg,55
img_00789.jpg,59
img_00790.jpg,59
img_00791.jpg,59
img_00792.jpg,19
img_00793.jpg,26
img_00794.jpg,19
img_00795.jpg,55
img_00796.jpg,26
img_00797.jpg,26
img_00798.jpg,19
img_00799.jpg,59
img_00800.jpg,19
img_00801.jpg,19
img_00802.jpg,97
img_00803.jpg,19
img_00804.jpg,19
img_00805.jpg,19
img_00806.jpg,55
img_00807.jpg,19
img_00808.jpg,27
img_00809.jpg,19
img_00810.jpg,19
img_00811.jpg,55
img_00812.jpg,19
img_00813.jpg,55
img_00814.jpg,27
img_00815.jpg,19
img_00816.jpg,19
img_00817.jpg,19
img_00818.jpg,11
img_00819.jpg,98
img_00820.jpg,19
img_00821.jpg,38
img_00822.jpg,11
img_00823.jpg,55
img_00824.jpg,19
img_00825.jpg,27
img_00826.jpg,59
img_00827.jpg,27
img_00828.jpg,27
img_00829.jpg,19
img_00830.jpg,59
img_00831.jpg,19
img_00832.jpg,97
img_00833.jpg,19
img_00834.jpg,27
img_00835.jpg,59
img_00836.jpg,59
img_00837.jpg,59
img_00838.jpg,27
img_00839.jpg,55
img_00840.jpg,55
img_00841.jpg,55
img_00842.jpg,19
img_00843.jpg,97
img_00844.jpg,19
img_00845.jpg,59
img_00846.jpg,55
img_00847.jpg,97
img_00848.jpg,98
img_00849.jpg,55
img_00850.jpg,97
img_00851.jpg,98
img_00852.jpg,55
img_00853.jpg,19
img_00854.jpg,55
img_00855.jpg,19
img_00856.jpg,55
img_00857.jpg,19
img_00858.jpg,55
img_00859.jpg,19
img_00860.jpg,19
img_00861.jpg,19
img_00862.jpg,19
img_00863.jpg,19
img_00864.jpg,19
img_00865.jpg,19
img_00866.jpg,19
img_00867.jpg,19
img_00868.jpg,19
img_00869.jpg,19
img_00870.jpg,19
img_00871.jpg,19
img_00872.jpg,55
img_00873.jpg,26
img_00874.jpg,19
img_00875.jpg,59
img_00876.jpg,97
img_00877.jpg,59
img_00878.jpg,19
img_00879.jpg,19
img_00880.jpg,19
img_00881.jpg,55
img_00882.jpg,59
img_00883.jpg,98
img_00884.jpg,59
img_00885.jpg,59
img_00886.jpg,19
img_00887.jpg,26
img_00888.jpg,59
img_00889.jpg,19
img_00890.jpg,19
img_00891.jpg,59
img_00892.jpg,97
img_00893.jpg,19
img_00894.jpg,59
img_00895.jpg,55
img_00896.jpg,19
img_00897.jpg,19
img_00898.jpg,19
img_00899.jpg,27
img_00900.jpg,98
img_00901.jpg,19
img_00902.jpg,19
img_00903.jpg,19
img_00904.jpg,97
img_00905.jpg,19
img_00906.jpg,19
img_00907.jpg,19
img_00908.jpg,97
img_00909.jpg,19
img_00910.jpg,55
img_00911.jpg,19
img_00912.jpg,19
img_00913.jpg,19
img_00914.jpg,97
img_00915.jpg,26
img_00916.jpg,19
img_00917.jpg,97
img_00918.jpg,27
img_00919.jpg,19
img_00920.jpg,19
img_00921.jpg,59
img_00922.jpg,19
img_00923.jpg,19
img_00924.jpg,19
img_00925.jpg,97
img_00926.jpg,98
img_00927.jpg,19
img_00928.jpg,19
img_00929.jpg,19
img_00930.jpg,98
img_00931.jpg,19
img_00932.jpg,19
img_00933.jpg,97
img_00934.jpg,19
img_00935.jpg,27
img_00936.jpg,59
img_00937.jpg,19
img_00938.jpg,19
img_00939.jpg,19
img_00940.jpg,55
img_00941.jpg,19
img_00942.jpg,27
img_00943.jpg,55
img_00944.jpg,19
img_00945.jpg,98
img_00946.jpg,19
img_00947.jpg,19
img_00948.jpg,19
img_00949.jpg,19
img_00950.jpg,19
img_00951.jpg,59
img_00952.jpg,55
img_00953.jpg,19
img_00954.jpg,55
img_00955.jpg,29
img_00956.jpg,19
img_00957.jpg,19
img_00958.jpg,55
img_00959.jpg,19
img_00960.jpg,27
img_00961.jpg,26
img_00962.jpg,19
img_00963.jpg,59
img_00964.jpg,19
img_00965.jpg,19
img_00966.jpg,19
img_00967.jpg,19
img_00968.jpg,19
img_00969.jpg,19
img_00970.jpg,19
img_00971.jpg,97
img_00972.jpg,19
img_00973.jpg,19
img_00974.jpg,19
img_00975.jpg,19
img_00976.jpg,55
img_00977.jpg,19
img_00978.jpg,55
img_00979.jpg,55
img_00980.jpg,97
img_00981.jpg,19
img_00982.jpg,19
img_00983.jpg,19
img_00984.jpg,55
img_00985.jpg,27
img_00986.jpg,19
img_00987.jpg,98
img_00988.jpg,29
img_00989.jpg,98
img_00990.jpg,55
img_00991.jpg,19
img_00992.jpg,19
img_00993.jpg,19
img_00994.jpg,19
img_00995.jpg,59
img_00996.jpg,19
img_00997.jpg,97
img_00998.jpg,19
img_00999.jpg,19
img_01000.jpg,19
img_01001.jpg,19
img_01002.jpg,19
img_01003.jpg,19
img_01004.jpg,19
img_01005.jpg,19
img_01006.jpg,19
img_01007.jpg,19
img_01008.jpg,19
img_01009.jpg,19
img_01010.jpg,38
img_01011.jpg,97
img_01012.jpg,27
img_01013.jpg,27
img_01014.jpg,97
img_01015.jpg,19
img_01016.jpg,26
img_01017.jpg,27
img_01018.jpg,19
img_01019.jpg,97
img_01020.jpg,55
img_01021.jpg,55
img_01022.jpg,27
img_01023.jpg,59
img_01024.jpg,26
img_01025.jpg,55
img_01026.jpg,55
img_01027.jpg,27
img_01028.jpg,59
img_01029.jpg,59
img_01030.jpg,55
img_01031.jpg,59
img_01032.jpg,55
img_01033.jpg,97
img_01034.jpg,19
img_01035.jpg,59
img_01036.jpg,59
img_01037.jpg,97
img_01038.jpg,19
img_01039.jpg,19
img_01040.jpg,27
img_01041.jpg,55
img_01042.jpg,19
img_01043.jpg,59
img_01044.jpg,19
img_01045.jpg,19
img_01046.jpg,19
img_01047.jpg,19
img_01048.jpg,19
img_01049.jpg,19
img_01050.jpg,19
img_01051.jpg,55
img_01052.jpg,55
img_01053.jpg,19
img_01054.jpg,19
img_01055.jpg,19
img_01056.jpg,38
img_01057.jpg,19
img_01058.jpg,19
img_01059.jpg,19
img_01060.jpg,19
img_01061.jpg,19
img_01062.jpg,19
img_01063.jpg,55
img_01064.jpg,26
img_01065.jpg,26
img_01066.jpg,26
img_01067.jpg,11
img_01068.jpg,55
img_01069.jpg,59
img_01070.jpg,19
img_01071.jpg,59
img_01072.jpg,55
img_01073.jpg,59
img_01074.jpg,26
img_01075.jpg,55
img_01076.jpg,55
img_01077.jpg,59
img_01078.jpg,55
img_01079.jpg,26
img_01080.jpg,59
img_01081.jpg,19
img_01082.jpg,55
img_01083.jpg,59
img_01084.jpg,97
img_01085.jpg,19
img_01086.jpg,27
img_01087.jpg,97
img_01088.jpg,27
img_01089.jpg,19
img_01090.jpg,97
img_01091.jpg,19
img_01092.jpg,19
img_01093.jpg,19
img_01094.jpg,19
img_01095.jpg,97
img_01096.jpg,19
img_01097.jpg,55
img_01098.jpg,55
img_01099.jpg,19
img_01100.jpg,19
img_01101.jpg,59
img_01102.jpg,19
img_01103.jpg,19
img_01104.jpg,19
img_01105.jpg,19
img_01106.jpg,19
img_01107.jpg,19
img_01108.jpg,19
img_01109.jpg,59
img_01110.jpg,19
img_01111.jpg,55
img_01112.jpg,59
img_01113.jpg,27
img_01114.jpg,19
img_01115.jpg,19
img_01116.jpg,19
img_01117.jpg,19
img_01118.jpg,97
img_01119.jpg,19
img_01120.jpg,19
img_01121.jpg,19
img_01122.jpg,55
img_01123.jpg,19
img_01124.jpg,55
img_01125.jpg,19
img_01126.jpg,98
img_01127.jpg,38
img_01128.jpg,26
img_01129.jpg,59
img_01130.jpg,59
img_01131.jpg,27
img_01132.jpg,19
img_01133.jpg,55
img_01134.jpg,19
img_01135.jpg,38
img_01136.jpg,59
img_01137.jpg,29
img_01138.jpg,59
img_01139.jpg,59
img_01140.jpg,97
img_01141.jpg,19
img_01142.jpg,27
img_01143.jpg,55
img_01144.jpg,59
img_01145.jpg,59
img_01146.jpg,27
img_01147.jpg,59
img_01148.jpg,38
img_01149.jpg,59
img_01150.jpg,59
img_01151.jpg,38
img_01152.jpg,19
img_01153.jpg,59
img_01154.jpg,38
img_01155.jpg,55
img_01156.jpg,97
img_01157.jpg,27
img_01158.jpg,19
img_01159.jpg,59
img_01160.jpg,59
img_01161.jpg,59
img_01162.jpg,38
img_01163.jpg,59
img_01164.jpg,97
img_01165.jpg,19
img_01166.jpg,59
img_01167.jpg,59
img_01168.jpg,29
img_01169.jpg,29
img_01170.jpg,59
img_01171.jpg,98
img_01172.jpg,27
img_01173.jpg,55
img_01174.jpg,98
img_01175.jpg,98
img_01176.jpg,55
img_01177.jpg,19
img_01178.jpg,55
img_01179.jpg,98
img_01180.jpg,19
img_01181.jpg,55
img_01182.jpg,59
img_01183.jpg,59
img_01184.jpg,59
img_01185.jpg,98
img_01186.jpg,55
img_01187.jpg,19
img_01188.jpg,59
img_01189.jpg,59
img_01190.jpg,97
img_01191.jpg,97
img_01192.jpg,59
img_01193.jpg,19
img_01194.jpg,19
img_01195.jpg,19
img_01196.jpg,19
img_01197.jpg,97
img_01198.jpg,98
img_01199.jpg,59
img_01200.jpg,19
img_01201.jpg,55
img_01202.jpg,97
img_01203.jpg,27
img_01204.jpg,55
img_01205.jpg,19
img_01206.jpg,98
img_01207.jpg,27
img_01208.jpg,19
img_01209.jpg,19
img_01210.jpg,19
img_01211.jpg,19
img_01212.jpg,19
img_01213.jpg,19
img_01214.jpg,19
img_01215.jpg,19
img_01216.jpg,19
img_01217.jpg,19
img_01218.jpg,27
img_01219.jpg,19
img_01220.jpg,19
img_01221.jpg,19
img_01222.jpg,19
img_01223.jpg,19
img_01224.jpg,19
img_01225.jpg,27
img_01226.jpg,19
img_01227.jpg,19
img_01228.jpg,27
img_01229.jpg,27
img_01230.jpg,19
img_01231.jpg,19
img_01232.jpg,19
img_01233.jpg,19
img_01234.jpg,27
img_01235.jpg,19
img_01236.jpg,19
img_01237.jpg,19
img_01238.jpg,19
img_01239.jpg,19
img_01240.jpg,19
img_01241.jpg,19
img_01242.jpg,19
img_01243.jpg,19
img_01244.jpg,27
img_01245.jpg,19
img_01246.jpg,19
img_01247.jpg,19
img_01248.jpg,19
img_01249.jpg,19
img_01250.jpg,38
img_01251.jpg,55
img_01252.jpg,55
img_01253.jpg,27
img_01254.jpg,29
img_01255.jpg,55
img_01256.jpg,55
img_01257.jpg,97
img_01258.jpg,55
img_01259.jpg,98
img_01260.jpg,19
img_01261.jpg,59
img_01262.jpg,19
img_01263.jpg,55
img_01264.jpg,19
img_01265.jpg,55
img_01266.jpg,55
img_01267.jpg,19
img_01268.jpg,55
img_01269.jpg,38
img_01270.jpg,59
img_01271.jpg,98
img_01272.jpg,59
img_01273.jpg,59
img_01274.jpg,59
img_01275.jpg,59
img_01276.jpg,29
img_01277.jpg,29
img_01278.jpg,59
img_01279.jpg,55
img_01280.jpg,55
img_01281.jpg,29
img_01282.jpg,59
img_01283.jpg,59
img_01284.jpg,27
img_01285.jpg,38
img_01286.jpg,27
img_01287.jpg,97
img_01288.jpg,59
img_01289.jpg,26
img_01290.jpg,59
img_01291.jpg,59
img_01292.jpg,59
img_01293.jpg,19
img_01294.jpg,26
img_01295.jpg,19
img_01296.jpg,98
img_01297.jpg,55
img_01298.jpg,59
img_01299.jpg,59
img_01300.jpg,97
img_01301.jpg,27
img_01302.jpg,19
img_01303.jpg,55
img_01304.jpg,19
img_01305.jpg,59
img_01306.jpg,11
img_01307.jpg,59
img_01308.jpg,59
img_01309.jpg,59
img_01310.jpg,38
img_01311.jpg,27
img_01312.jpg,97
img_01313.jpg,98
img_01314.jpg,59
img_01315.jpg,27
img_01316.jpg,38
img_01317.jpg,59
img_01318.jpg,59
img_01319.jpg,59
img_01320.jpg,59
img_01321.jpg,38
img_01322.jpg,27
img_01323.jpg,55
img_01324.jpg,29
img_01325.jpg,27
img_01326.jpg,27
img_01327.jpg,19
img_01328.jpg,59
img_01329.jpg,11
img_01330.jpg,19
img_01331.jpg,55
img_01332.jpg,19
img_01333.jpg,55
img_01334.jpg,19
img_01335.jpg,19
img_01336.jpg,59
img_01337.jpg,19
img_01338.jpg,19
img_01339.jpg,27
img_01340.jpg,19
img_01341.jpg,55
img_01342.jpg,19
img_01343.jpg,59
img_01344.jpg,55
img_01345.jpg,19
img_01346.jpg,19
img_01347.jpg,19
img_01348.jpg,97
img_01349.jpg,19
img_01350.jpg,19
img_01351.jpg,59
img_01352.jpg,97
img_01353.jpg,55
img_01354.jpg,38
img_01355.jpg,59
img_01356.jpg,19
img_01357.jpg,59
img_01358.jpg,19
img_01359.jpg,19
img_01360.jpg,19
img_01361.jpg,19
img_01362.jpg,55
img_01363.jpg,59
img_01364.jpg,59
img_01365.jpg,19
img_01366.jpg,19
img_01367.jpg,55
img_01368.jpg,19
img_01369.jpg,19
img_01370.jpg,29
img_01371.jpg,29
img_01372.jpg,38
img_01373.jpg,26
img_01374.jpg,27
img_01375.jpg,59
img_01376.jpg,55
img_01377.jpg,19
img_01378.jpg,98
img_01379.jpg,98
img_01380.jpg,19
img_01381.jpg,38
img_01382.jpg,19
img_01383.jpg,59
img_01384.jpg,29
img_01385.jpg,19
img_01386.jpg,55
img_01387.jpg,29
img_01388.jpg,98
img_01389.jpg,55
img_01390.jpg,55
img_01391.jpg,97
img_01392.jpg,19
img_01393.jpg,55
img_01394.jpg,19
img_01395.jpg,19
img_01396.jpg,97
img_01397.jpg,27
img_01398.jpg,19
img_01399.jpg,27
img_01400.jpg,19
img_01401.jpg,19
img_01402.jpg,59
img_01403.jpg,97
img_01404.jpg,55
img_01405.jpg,97
img_01406.jpg,97
img_01407.jpg,59
img_01408.jpg,26
img_01409.jpg,59
img_01410.jpg,27
img_01411.jpg,59
img_01412.jpg,19
img_01413.jpg,59
img_01414.jpg,97
img_01415.jpg,59
img_01416.jpg,38
img_01417.jpg,59
img_01418.jpg,27
img_01419.jpg,38
img_01420.jpg,59
img_01421.jpg,19
img_01422.jpg,59
img_01423.jpg,55
img_01424.jpg,55
img_01425.jpg,59
img_01426.jpg,59
img_01427.jpg,55
img_01428.jpg,55
img_01429.jpg,19
img_01430.jpg,19
img_01431.jpg,26
img_01432.jpg,59
img_01433.jpg,27
img_01434.jpg,55
img_01435.jpg,19
img_01436.jpg,55
img_01437.jpg,27
img_01438.jpg,19
img_01439.jpg,55
img_01440.jpg,19
img_01441.jpg,19
img_01442.jpg,59
img_01443.jpg,27
img_01444.jpg,19
img_01445.jpg,97
img_01446.jpg,19
img_01447.jpg,27
img_01448.jpg,59
img_01449.jpg,59
img_01450.jpg,27
img_01451.jpg,98
img_01452.jpg,59
img_01453.jpg,55
img_01454.jpg,27
img_01455.jpg,59
img_01456.jpg,55
img_01457.jpg,19
img_01458.jpg,59
img_01459.jpg,97
img_01460.jpg,27
img_01461.jpg,59
img_01462.jpg,19
img_01463.jpg,27
img_01464.jpg,19
img_01465.jpg,19
img_01466.jpg,55
img_01467.jpg,19
img_01468.jpg,27
img_01469.jpg,19
img_01470.jpg,19
img_01471.jpg,98
img_01472.jpg,27
img_01473.jpg,27
img_01474.jpg,55
img_01475.jpg,55
img_01476.jpg,19
img_01477.jpg,19
img_01478.jpg,19
img_01479.jpg,26
img_01480.jpg,19
img_01481.jpg,55
img_01482.jpg,55
img_01483.jpg,59
img_01484.jpg,19
img_01485.jpg,27
img_01486.jpg,59
img_01487.jpg,19
img_01488.jpg,19
img_01489.jpg,19
img_01490.jpg,19
img_01491.jpg,55
img_01492.jpg,55
img_01493.jpg,59
img_01494.jpg,19
img_01495.jpg,19
img_01496.jpg,19
img_01497.jpg,19
img_01498.jpg,19
img_01499.jpg,59
img_01500.jpg,19
img_01501.jpg,19
img_01502.jpg,19
img_01503.jpg,19
img_01504.jpg,19
img_01505.jpg,55
img_01506.jpg,19
img_01507.jpg,19
img_01508.jpg,55
img_01509.jpg,97
img_01510.jpg,19
img_01511.jpg,97
img_01512.jpg,19
img_01513.jpg,27
img_01514.jpg,19
img_01515.jpg,19
img_01516.jpg,19
img_01517.jpg,59
img_01518.jpg,19
img_01519.jpg,19
img_01520.jpg,19
img_01521.jpg,19
img_01522.jpg,19
img_01523.jpg,19
img_01524.jpg,97
img_01525.jpg,27
img_01526.jpg,19
img_01527.jpg,27
img_01528.jpg,59
img_01529.jpg,11
img_01530.jpg,27
img_01531.jpg,59
img_01532.jpg,55
img_01533.jpg,27
img_01534.jpg,26
img_01535.jpg,98
img_01536.jpg,26
img_01537.jpg,19
img_01538.jpg,19
img_01539.jpg,27
img_01540.jpg,19
img_01541.jpg,19
img_01542.jpg,55
img_01543.jpg,27
img_01544.jpg,98
img_01545.jpg,97
img_01546.jpg,59
img_01547.jpg,27
img_01548.jpg,59
img_01549.jpg,55
img_01550.jpg,26
img_01551.jpg,19
img_01552.jpg,55
img_01553.jpg,59
img_01554.jpg,19
img_01555.jpg,27
img_01556.jpg,38
img_01557.jpg,19
img_01558.jpg,19
img_01559.jpg,19
img_01560.jpg,19
img_01561.jpg,19
img_01562.jpg,19
img_01563.jpg,19
img_01564.jpg,59
img_01565.jpg,19
img_01566.jpg,19
img_01567.jpg,19
img_01568.jpg,97
img_01569.jpg,19
img_01570.jpg,55
img_01571.jpg,19
img_01572.jpg,11
img_01573.jpg,19
img_01574.jpg,19
img_01575.jpg,19
img_01576.jpg,19
img_01577.jpg,19
img_01578.jpg,19
img_01579.jpg,27
img_01580.jpg,19
img_01581.jpg,11
img_01582.jpg,19
img_01583.jpg,19
img_01584.jpg,27
img_01585.jpg,19
img_01586.jpg,27
img_01587.jpg,27
img_01588.jpg,19
img_01589.jpg,59
img_01590.jpg,19
img_01591.jpg,19
img_01592.jpg,27
img_01593.jpg,27
img_01594.jpg,19
img_01595.jpg,19
img_01596.jpg,59
img_01597.jpg,19
img_01598.jpg,19
img_01599.jpg,27
img_01600.jpg,19
img_01601.jpg,11
img_01602.jpg,59
img_01603.jpg,27
img_01604.jpg,59
img_01605.jpg,97
img_01606.jpg,19
img_01607.jpg,19
img_01608.jpg,19
img_01609.jpg,19
img_01610.jpg,59
img_01611.jpg,55
img_01612.jpg,27
img_01613.jpg,19
img_01614.jpg,97
img_01615.jpg,97
img_01616.jpg,29
img_01617.jpg,97
img_01618.jpg,27
img_01619.jpg,19
img_01620.jpg,19
img_01621.jpg,27
img_01622.jpg,38
img_01623.jpg,19
img_01624.jpg,26
img_01625.jpg,26
img_01626.jpg,59
img_01627.jpg,19
img_01628.jpg,26
img_01629.jpg,26
img_01630.jpg,98
img_01631.jpg,19
img_01632.jpg,26
img_01633.jpg,27
img_01634.jpg,26
img_01635.jpg,19
img_01636.jpg,59
img_01637.jpg,27
img_01638.jpg,55
img_01639.jpg,97
img_01640.jpg,19
img_01641.jpg,59
img_01642.jpg,55
img_01643.jpg,19
img_01644.jpg,27
img_01645.jpg,19
img_01646.jpg,97
img_01647.jpg,55
img_01648.jpg,19
img_01649.jpg,59
img_01650.jpg,19
img_01651.jpg,19
img_01652.jpg,19
img_01653.jpg,19
img_01654.jpg,19
img_01655.jpg,19
img_01656.jpg,55
img_01657.jpg,55
img_01658.jpg,19
img_01659.jpg,55
img_01660.jpg,97
img_01661.jpg,19
img_01662.jpg,83
img_01663.jpg,19
img_01664.jpg,19
img_01665.jpg,19
img_01666.jpg,19
img_01667.jpg,55
img_01668.jpg,27
img_01669.jpg,59
img_01670.jpg,59
img_01671.jpg,59
img_01672.jpg,55
img_01673.jpg,27
img_01674.jpg,19
img_01675.jpg,55
img_01676.jpg,55
img_01677.jpg,97
img_01678.jpg,19
img_01679.jpg,29
img_01680.jpg,26
img_01681.jpg,97
img_01682.jpg,19
img_01683.jpg,97
img_01684.jpg,19
img_01685.jpg,19
img_01686.jpg,19
img_01687.jpg,97
img_01688.jpg,59
img_01689.jpg,19
img_01690.jpg,98
img_01691.jpg,97
img_01692.jpg,19
img_01693.jpg,19
img_01694.jpg,59
img_01695.jpg,59
img_01696.jpg,97
img_01697.jpg,97
img_01698.jpg,55
img_01699.jpg,19
img_01700.jpg,97
img_01701.jpg,97
img_01702.jpg,19
img_01703.jpg,59
img_01704.jpg,59
img_01705.jpg,55
img_01706.jpg,55
img_01707.jpg,26
img_01708.jpg,26
img_01709.jpg,55
img_01710.jpg,97
img_01711.jpg,59
